{"cameraMode":{"drawMode":0,"name":"Shaded","section":"Shading Mode"},"sceneLighting":true,"audioPlay":false,"sceneViewState":{"showFog":true,"showMaterialUpdate":false,"showSkybox":true,"showFlares":true,"showImageEffects":true,"showParticleSystems":true},"in2DMode":false,"pivot":{"x":163.71725463867188,"y":-18.18000030517578,"z":-123.99796295166016},"rotation":{"x":-0.03146306052803993,"y":-0.044953592121601108,"z":0.0014165054308250547,"w":-0.9984968304634094},"size":5.342554092407227,"orthographic":false}